System,Status,Count,MAP,nDCG@10,Recall@10
BM25 (Baseline),OK,15088,0.7125512518453437,0.74998475786778,0.8718186638388123
S-BERT (Dense),OK,15088,0.5274533606894917,0.5712872680894099,0.7287248144220573
Gemini (Zero-Shot),OK,1500,0.7934388888888891,0.8212029816261858,0.9013333333333333
Gemini (Few-Shot),OK,1500,0.7638518518518523,0.7990641659943568,0.9013333333333333
